insert into access_string (sistema,acceso) values ('SysHome','SysHome');
insert into access_string (sistema,acceso) values ('SysHome','SysHome::AdminEvent');
insert into access_string (sistema,acceso) values ('SysHome','SysHome::AdminEvent::ABMAssign');
insert into access_string (sistema,acceso) values ('SysHome','SysHome::AdminEvent::ABMDevice');
insert into access_string (sistema,acceso) values ('SysHome','SysHome::AdminEvent::ABMEvent');
insert into access_string (sistema,acceso) values ('SysHome','SysHome::AdminEvent::ABMGroup');
insert into access_string (sistema,acceso) values ('SysHome','SysHome::AdminHW');
insert into access_string (sistema,acceso) values ('SysHome','SysHome::AdminHW::Assign');
insert into access_string (sistema,acceso) values ('SysHome','SysHome::AdminHW::Control');
insert into access_string (sistema,acceso) values ('SysHome','SysHome::ControlHome');
insert into access_string (sistema,acceso) values ('SysHome','SysHome::UserAdmin');
insert into access_string (sistema,acceso) values ('SysHome','SysHome::UserAdmin::Access');
insert into access_string (sistema,acceso) values ('SysHome','SysHome::UserAdmin::Detail');
insert into access_string (sistema,acceso) values ('SysHome','SysHome::ViewCameras');
insert into access_string (sistema,acceso) values ('SysHome','SysHome::ViewHome');
insert into access_string (sistema,acceso) values ('SysHome','SysHome::AdminEvent::ABMFlags');
insert into access_string (sistema,acceso) values ('SysHome','SysHome::AdminAuto::ABMTask');
insert into access_string (sistema,acceso) values ('SysHome','SysHome::AdminAuto');
create sequence product_access_seq start 5;
insert into product_access (id,producto,usuario) values ('2','SysHome','walter');
insert into product_access (id,producto,usuario) values ('2','SysHome::AdminEvent::ABMAssign','walter');
insert into product_access (id,producto,usuario) values ('1','SysHome::ControlHome','sandra');
insert into product_access (id,producto,usuario) values ('4','SysHome','pablo');
insert into product_access (id,producto,usuario) values ('2','SysHome::AdminEvent::ABMDevice','walter');
insert into product_access (id,producto,usuario) values ('1','SysHome','sandra');
insert into product_access (id,producto,usuario) values ('1','SysHome::AdminHW','sandra');
insert into product_access (id,producto,usuario) values ('1','SysHome::AdminEvent','sandra');
insert into product_access (id,producto,usuario) values ('2','SysHome::ControlHome','walter');
insert into product_access (id,producto,usuario) values ('4','SysHome::ViewHome','pablo');
insert into product_access (id,producto,usuario) values ('2','SysHome::AdminHW::Assign','walter');
insert into product_access (id,producto,usuario) values ('2','SysHome::AdminEvent::ABMEvent','walter');
insert into product_access (id,producto,usuario) values ('2','SysHome::AdminEvent','walter');
insert into product_access (id,producto,usuario) values ('2','SysHome::AdminHW','walter');
insert into product_access (id,producto,usuario) values ('2','SysHome::AdminEvent::ABMGroup','walter');
insert into product_access (id,producto,usuario) values ('2','SysHome::AdminHW::Control','walter');
insert into product_access (id,producto,usuario) values ('2','SysHome::UserAdmin','walter');
insert into product_access (id,producto,usuario) values ('1','SysHome::ViewHome','sandra');
insert into product_access (id,producto,usuario) values ('2','SysHome::ViewHome','walter');
insert into product_access (id,producto,usuario) values ('4','SysHome::AdminEvent','pablo');
insert into product_access (id,producto,usuario) values ('4','SysHome::UserAdmin','pablo');
insert into product_access (id,producto,usuario) values ('4','SysHome::AdminHW','pablo');
insert into product_access (id,producto,usuario) values ('4','SysHome::AdminHW::Control','pablo');
insert into product_access (id,producto,usuario) values ('2','SysHome::AdminAuto','walter');
insert into product_access (id,producto,usuario) values ('2','SysHome::AdminAuto::ABMTask','walter');
insert into product_access (id,producto,usuario) values ('2','SysHome::AdminEvent::ABMFlags','walter');
insert into product_access (id,producto,usuario) values ('1','SysHome::AdminAuto','sandra');
insert into product_access (id,producto,usuario) values ('1','SysHome::AdminEvent::ABMEvent','sandra');
insert into product_access (id,producto,usuario) values ('1','SysHome::AdminHW::Control','sandra');
insert into device (id,hw_typ,hw_ver,sw_ver,status,last_online,device_name) values ('1','1','1','1','0','2008-05-31 17:51:29','Interface interna central');
insert into device (id,hw_typ,hw_ver,sw_ver,status,last_online,device_name) values ('2','2','1','1','','2008-05-22 16:04:04','Interface del Garage');
insert into device (id,hw_typ,hw_ver,sw_ver,status,last_online,device_name) values ('3','2','1','1','','2008-07-26 14:12:32','Interface de pruebas');
insert into devconf (id,mascara_e1s1,mascara_e2s2,analog1_max,analog1_min,analog2_max,analog2_min,analog3_max,analog3_min,analog4_max,analog4_min) values ('3','0','0','1024','1024','1024','0','1024','0','270','250');
insert into devconf (id,mascara_e1s1,mascara_e2s2,analog1_max,analog1_min,analog2_max,analog2_min,analog3_max,analog3_min,analog4_max,analog4_min) values ('2','0','0','0','0','0','0','0','0','800','700');
insert into assign (id,port,bit,assign_name) values ('1','I1','7','Sensor de sirena de alarma');
insert into assign (id,port,bit,assign_name) values ('1','I1','4','Boton portero electrico');
insert into assign (id,port,bit,assign_name) values ('1','I1','2','Sensor de movimiento en dormitorio frente');
insert into assign (id,port,bit,assign_name) values ('1','I1','3','Sensor de movimiento en dormitorio fondo');
insert into assign (id,port,bit,assign_name) values ('1','I1','1','Sensor de movimiento en cocina');
insert into assign (id,port,bit,assign_name) values ('1','I1','0','Sensor de movimiento en comedor');
insert into assign (id,port,bit,assign_name) values ('1','I1','5','Sensor de estado de alarma');
insert into assign (id,port,bit,assign_name) values ('1','O1','6','Salida a activacion de alarma');
insert into assign (id,port,bit,assign_name) values ('3','O1','3','LED4');
insert into assign (id,port,bit,assign_name) values ('2','O1','3','Luces garage');
insert into assign (id,port,bit,assign_name) values ('2','O1','5','Luz pasillo lateral');
insert into assign (id,port,bit,assign_name) values ('3','O1','0','LED1');
insert into assign (id,port,bit,assign_name) values ('3','O1','1','LED2');
insert into assign (id,port,bit,assign_name) values ('3','O1','2','LED3');
insert into assign (id,port,bit,assign_name) values ('2','I2','0','Llave luz garage');
insert into assign (id,port,bit,assign_name) values ('2','O1','2','Luz ficus');
insert into assign (id,port,bit,assign_name) values ('2','O1','1','Luz puerta calle 2');
insert into assign (id,port,bit,assign_name) values ('2','O1','0','Luz puerta calle 1');
insert into assign (id,port,bit,assign_name) values ('2','O2','0','Cerradura puerta calle');
insert into assign (id,port,bit,assign_name) values ('3','A4','0','Sensor de luz de pruebas');
insert into assign (id,port,bit,assign_name) values ('1','I1','6','Canal 2 de control remoto');
insert into assign (id,port,bit,assign_name) values ('2','I1','0','Pulsador de timbre de puerta de entrada');
insert into assign (id,port,bit,assign_name) values ('2','O1','4','Reflector palmera');
insert into assign (id,port,bit,assign_name) values ('2','A4','0','Sensor de Luz pasillo lateral');
insert into assign (id,port,bit,assign_name) values ('1','O1','7','Salida para timbre');
create sequence group_list_seq start 35;
insert into group_list (id,group_name) values ('9','Cerradura puerta calle');
insert into group_list (id,group_name) values ('10','Luces puerta calle');
insert into group_list (id,group_name) values ('11','Luz ficus');
insert into group_list (id,group_name) values ('12','Todas las luces exteriores');
insert into group_list (id,group_name) values ('13','Luces que encienden de noche');
insert into group_list (id,group_name) values ('14','Luces garage');
insert into group_list (id,group_name) values ('15','Luz pasillo');
insert into group_list (id,group_name) values ('16','LED1');
insert into group_list (id,group_name) values ('17','LED2');
insert into group_list (id,group_name) values ('18','LED3');
insert into group_list (id,group_name) values ('19','LED4');
insert into group_list (id,group_name) values ('20','Todas las luces interiores');
insert into group_list (id,group_name) values ('21','Luces del jardin del frente');
insert into group_list (id,group_name) values ('24','Luces del jardin del fondo');
insert into group_list (id,group_name) values ('29','Luces que no permanecen encendidas toda la noche');
insert into group_list (id,group_name) values ('33','Timbre de calle');
insert into group_list (id,group_name) values ('22','Activacion / Desactivacion alarma');
insert into group_rel (group_id,id,port,bit) values ('29','2','O1','4');
insert into group_rel (group_id,id,port,bit) values ('29','2','O1','5');
insert into group_rel (group_id,id,port,bit) values ('29','2','O1','2');
insert into group_rel (group_id,id,port,bit) values ('13','2','O1','5');
insert into group_rel (group_id,id,port,bit) values ('33','1','O1','7');
insert into group_rel (group_id,id,port,bit) values ('22','1','O1','6');
insert into group_rel (group_id,id,port,bit) values ('9','2','O2','0');
insert into group_rel (group_id,id,port,bit) values ('10','2','O1','0');
insert into group_rel (group_id,id,port,bit) values ('10','2','O1','1');
insert into group_rel (group_id,id,port,bit) values ('11','2','O1','2');
insert into group_rel (group_id,id,port,bit) values ('12','2','O1','0');
insert into group_rel (group_id,id,port,bit) values ('12','2','O1','1');
insert into group_rel (group_id,id,port,bit) values ('12','2','O1','2');
insert into group_rel (group_id,id,port,bit) values ('12','2','O1','3');
insert into group_rel (group_id,id,port,bit) values ('12','2','O1','4');
insert into group_rel (group_id,id,port,bit) values ('12','2','O1','5');
insert into group_rel (group_id,id,port,bit) values ('13','2','O1','0');
insert into group_rel (group_id,id,port,bit) values ('13','2','O1','1');
insert into group_rel (group_id,id,port,bit) values ('13','2','O1','2');
insert into group_rel (group_id,id,port,bit) values ('14','2','O1','3');
insert into group_rel (group_id,id,port,bit) values ('15','2','O1','5');
insert into group_rel (group_id,id,port,bit) values ('16','3','O1','0');
insert into group_rel (group_id,id,port,bit) values ('17','3','O1','1');
insert into group_rel (group_id,id,port,bit) values ('18','3','O1','2');
insert into group_rel (group_id,id,port,bit) values ('19','3','O1','3');
insert into group_rel (group_id,id,port,bit) values ('21','2','O1','0');
insert into group_rel (group_id,id,port,bit) values ('21','2','O1','1');
insert into group_rel (group_id,id,port,bit) values ('21','2','O1','2');
insert into group_rel (group_id,id,port,bit) values ('21','2','O1','4');
insert into comando (id,cmd_name) values ('0','Disable');
insert into comando (id,cmd_name) values ('1','Set');
insert into comando (id,cmd_name) values ('2','Reset');
insert into comando (id,cmd_name) values ('3','Pulse');
insert into comando (id,cmd_name) values ('4','Invert');
insert into comando (id,cmd_name) values ('5','Buzzer');
insert into comando (id,cmd_name) values ('6','Voice');
insert into comando (id,cmd_name) values ('7','Delay-Set');
insert into comando (id,cmd_name) values ('8','Delay-Reset');
insert into comando (id,cmd_name) values ('9','SetFlag');
create sequence event_seq start 28;
insert into event (id,src_dev,src_port,src_bit,src_on_off,dst_cmd,dst_param1,dst_param2,flag,flag_condicion,flag_valor,dst_group,enable,event_name) values ('7','1','I1','5','1','9','alarma','desactivada','siempre','0','','','1','Flag ALARMA --> DESACTIVADA');
insert into event (id,src_dev,src_port,src_bit,src_on_off,dst_cmd,dst_param1,dst_param2,flag,flag_condicion,flag_valor,dst_group,enable,event_name) values ('6','1','I1','5','0','9','alarma','activada','siempre','0','','','1','Flag ALARMA --> ACTIVADA');
insert into event (id,src_dev,src_port,src_bit,src_on_off,dst_cmd,dst_param1,dst_param2,flag,flag_condicion,flag_valor,dst_group,enable,event_name) values ('8','1','I1','4','1','3','4','','siempre','0','','9','1','Activacion de cerradura electrica');
insert into event (id,src_dev,src_port,src_bit,src_on_off,dst_cmd,dst_param1,dst_param2,flag,flag_condicion,flag_valor,dst_group,enable,event_name) values ('13','2','I2','0','0','4','','','siempre','0','','14','1','Encendido / Apagado de luces de garage');
insert into event (id,src_dev,src_port,src_bit,src_on_off,dst_cmd,dst_param1,dst_param2,flag,flag_condicion,flag_valor,dst_group,enable,event_name) values ('14','2','I2','0','1','4','','','siempre','0','','14','1','Encendido / Apagado de luces de garage');
insert into event (id,src_dev,src_port,src_bit,src_on_off,dst_cmd,dst_param1,dst_param2,flag,flag_condicion,flag_valor,dst_group,enable,event_name) values ('18','1','I1','6','1','3','255','','modo_iluminacion','1','noche','14','1','Encendido remoto de luces del garage');
insert into event (id,src_dev,src_port,src_bit,src_on_off,dst_cmd,dst_param1,dst_param2,flag,flag_condicion,flag_valor,dst_group,enable,event_name) values ('11','2','A4','0','0','9','modo_iluminacion','dia','siempre','0','','','1','Flag MODO_ILUMINACION --> DIA');
insert into event (id,src_dev,src_port,src_bit,src_on_off,dst_cmd,dst_param1,dst_param2,flag,flag_condicion,flag_valor,dst_group,enable,event_name) values ('9','2','A4','0','0','2','','','siempre','0','','12','1','Apagado de luces exteriores de dia');
insert into event (id,src_dev,src_port,src_bit,src_on_off,dst_cmd,dst_param1,dst_param2,flag,flag_condicion,flag_valor,dst_group,enable,event_name) values ('12','2','A4','0','1','9','modo_iluminacion','noche','siempre','0','','','1','Flag MODO_ILUMINACION --> NOCHE');
insert into event (id,src_dev,src_port,src_bit,src_on_off,dst_cmd,dst_param1,dst_param2,flag,flag_condicion,flag_valor,dst_group,enable,event_name) values ('10','2','A4','0','1','1','','','siempre','0','','13','1','Encendido de luces exteriores de noche');
insert into event (id,src_dev,src_port,src_bit,src_on_off,dst_cmd,dst_param1,dst_param2,flag,flag_condicion,flag_valor,dst_group,enable,event_name) values ('26','2','I1','0','0','3','4','','siempre','0','','33','1','Timbre de calle');
insert into autoactivacion (id,port,bit,ultimo) values ('1','I1','0','1');
insert into autoactivacion (id,port,bit,ultimo) values ('1','I1','1','0');
insert into autoactivacion (id,port,bit,ultimo) values ('1','I1','2','0');
insert into autoactivacion (id,port,bit,ultimo) values ('1','I1','3','0');
insert into auto_event (id,dst_cmd,dst_param1,dst_param2,flag,flag_condicion,flag_valor,dst_group,enable,event_name) values ('autoactivacion','3','2','','autoactivacion','1','1','22','1','Activacion automatica de alarma condicionada por el flag');
insert into home_config (id,autoactivacion_alarma,autoreactivacion_alarma) values ('0','1','1');
insert into home_flag (nombre,valor,descripcion) values ('siempre','1','Flag por defecto para SIEMPRE HABILITADO');
insert into home_flag (nombre,valor,descripcion) values ('modo_iluminacion','noche','Valores posibles: noche / dia');
insert into home_flag (nombre,valor,descripcion) values ('alarma','desactivada','Valores posibles: activada / desactivada');
insert into home_flag (nombre,valor,descripcion) values ('autoactivacion','1','Valores posibles: 1 (habilitado) / 0 (inhabilitado)');
create sequence tarea_programada_seq start 16;
insert into tarea_programada (id,dia_semana,hora,minuto,dst_cmd,dst_param1,dst_param2,flag,flag_condicion,flag_valor,dst_group,enable,task_name,last_exec) values ('6','79','22','30','2','','','siempre','0','','29','1','Se apagan las luces exteriores no necesarias','1237339808');
insert into tarea_programada (id,dia_semana,hora,minuto,dst_cmd,dst_param1,dst_param2,flag,flag_condicion,flag_valor,dst_group,enable,task_name,last_exec) values ('10','127','6','20','9','modo_iluminacion','dia','siempre','0','','','0','Seteo del flag a dia TEMPORAL a las 6:20 Hs','1223198471');
insert into tarea_programada (id,dia_semana,hora,minuto,dst_cmd,dst_param1,dst_param2,flag,flag_condicion,flag_valor,dst_group,enable,task_name,last_exec) values ('7','127','19','0','1','','','siempre','0','','13','0','Encendido de luces TEMPORAL a las 19 Hs','1223240514');
insert into tarea_programada (id,dia_semana,hora,minuto,dst_cmd,dst_param1,dst_param2,flag,flag_condicion,flag_valor,dst_group,enable,task_name,last_exec) values ('9','127','19','0','9','modo_iluminacion','noche','siempre','0','','','0','Seteo del flag a noche TEMPORAL a las 19 Hs.','1223240514');
insert into tarea_programada (id,dia_semana,hora,minuto,dst_cmd,dst_param1,dst_param2,flag,flag_condicion,flag_valor,dst_group,enable,task_name,last_exec) values ('8','127','6','20','2','','','siempre','0','','12','0','Apagado de luces TEMPORAL a las 6:20 Hs','1223198471');
insert into tarea_programada (id,dia_semana,hora,minuto,dst_cmd,dst_param1,dst_param2,flag,flag_condicion,flag_valor,dst_group,enable,task_name,last_exec) values ('14','48','23','50','2','','','siempre','0','','29','1','Se apagan las luces exteriores no necesarias ','1237085401');
insert into pais (codigo,moneda,sigla,abrev,nombre) values ('0','0','NN','NNN','NO ESPECIFICADO');
insert into pais (codigo,moneda,sigla,abrev,nombre) values ('32','32','AR','ARG','ARGENTINA');
insert into pais (codigo,moneda,sigla,abrev,nombre) values ('76','76','BR','BRA','BRASIL');
insert into pais (codigo,moneda,sigla,abrev,nombre) values ('858','858','UY','URY','URUGUAY');
insert into pais (codigo,moneda,sigla,abrev,nombre) values ('152','152','CL','CHL','CHILE');
insert into pais (codigo,moneda,sigla,abrev,nombre) values ('600','600','PY','PRY','PARAGUAY');
insert into pais (codigo,moneda,sigla,abrev,nombre) values ('840','840','US','USA','PLANETA TIERRA');
insert into pais (codigo,moneda,sigla,abrev,nombre) values ('250','250','FR','FRA','FRANCIA');
insert into pais (codigo,moneda,sigla,abrev,nombre) values ('280','280','DE','DEU','ALEMANIA');
insert into pais (codigo,moneda,sigla,abrev,nombre) values ('380','380','IT','ITA','ITALIA');
insert into pais (codigo,moneda,sigla,abrev,nombre) values ('484','484','MX','MEX','MEJICO');
insert into pais (codigo,moneda,sigla,abrev,nombre) values ('604','604','PE','PER','PERU');
insert into pais (codigo,moneda,sigla,abrev,nombre) values ('724','724','ES','ESP','ESPAÑA');
insert into pais (codigo,moneda,sigla,abrev,nombre) values ('336','336','VA','VAT','VATICANO');
insert into pais (codigo,moneda,sigla,abrev,nombre) values ('862','862','VE','VEN','');
insert into pais (codigo,moneda,sigla,abrev,nombre) values ('4','4','AF','AFG','AFGANISTAN');
insert into pais (codigo,moneda,sigla,abrev,nombre) values ('8','8','AL','ALB','EL PAIS DE ALBA (ALBANIA)');
insert into pais (codigo,moneda,sigla,abrev,nombre) values ('12','12','DZ','DZA','ALGERIA');
insert into pais (codigo,moneda,sigla,abrev,nombre) values ('16','16','AS','ASM','SAMOA AMERICANA');
insert into pais (codigo,moneda,sigla,abrev,nombre) values ('24','24','AO','AGO','ANDORRA');
insert into pais (codigo,moneda,sigla,abrev,nombre) values ('660','660','AI','AIA','ANGUILLA');
insert into pais (codigo,moneda,sigla,abrev,nombre) values ('10','10','AQ','ATA','ANTARTICA');
insert into pais (codigo,moneda,sigla,abrev,nombre) values ('28','28','AG','ATG','ANTIGUA Y BARBUDA (ES ASI)');
insert into pais (codigo,moneda,sigla,abrev,nombre) values ('51','51','AM','ARM','ARMENIA');
insert into pais (codigo,moneda,sigla,abrev,nombre) values ('533','533','AW','ABW','ARUBA');
insert into pais (codigo,moneda,sigla,abrev,nombre) values ('36','36','AU','AUS','AUSTRALIA');
insert into pais (codigo,moneda,sigla,abrev,nombre) values ('40','40','AT','AUT','AUSTRIA');
insert into pais (codigo,moneda,sigla,abrev,nombre) values ('31','31','AZ','AZE','AZERBAIJAN');
insert into pais (codigo,moneda,sigla,abrev,nombre) values ('44','44','BS','BHS','BAHAMAS');
insert into pais (codigo,moneda,sigla,abrev,nombre) values ('48','48','BR','BHR','BAHRAIN');
insert into pais (codigo,moneda,sigla,abrev,nombre) values ('50','50','BD','BGD','BANGLADESH');
insert into pais (codigo,moneda,sigla,abrev,nombre) values ('52','52','BB','BRB','BARBADOS');
insert into pais (codigo,moneda,sigla,abrev,nombre) values ('112','112','BY','BLR','BELARUS');
insert into pais (codigo,moneda,sigla,abrev,nombre) values ('56','56','BE','BEL','BELGICA');
insert into pais (codigo,moneda,sigla,abrev,nombre) values ('84','84','BZ','BLZ','BELIZE');
insert into pais (codigo,moneda,sigla,abrev,nombre) values ('204','204','BJ','BEN','BENIN');
insert into pais (codigo,moneda,sigla,abrev,nombre) values ('60','60','BM','BMU','BERMUDA');
insert into pais (codigo,moneda,sigla,abrev,nombre) values ('64','64','BT','BTN','BHUTAN');
insert into pais (codigo,moneda,sigla,abrev,nombre) values ('68','68','BO','BOL','BOLIVIA');
insert into pais (codigo,moneda,sigla,abrev,nombre) values ('70','70','BA','BIH','BOSNIA');
insert into pais (codigo,moneda,sigla,abrev,nombre) values ('72','72','BW','BWA','BOTSAWA');
insert into pais (codigo,moneda,sigla,abrev,nombre) values ('86','86','IO','IOT','INDIA BRITANICA');
insert into pais (codigo,moneda,sigla,abrev,nombre) values ('96','96','VG','BRM','BRUNEI');
insert into pais (codigo,moneda,sigla,abrev,nombre) values ('100','100','BG','BGR','BULGARIA');
insert into pais (codigo,moneda,sigla,abrev,nombre) values ('854','854','BF','BFA','BUKINA FASO');
insert into pais (codigo,moneda,sigla,abrev,nombre) values ('108','108','BI','BDI','BRUNDI');
insert into pais (codigo,moneda,sigla,abrev,nombre) values ('116','116','KH','KHM','CAMBODIA');
insert into pais (codigo,moneda,sigla,abrev,nombre) values ('120','120','CM','CMR','CAMEROON');
insert into pais (codigo,moneda,sigla,abrev,nombre) values ('124','124','CA','CAN','CANADA');
insert into pais (codigo,moneda,sigla,abrev,nombre) values ('132','132','CV','CPV','CAPE VERDE');
insert into pais (codigo,moneda,sigla,abrev,nombre) values ('136','136','KY','CYM','ISLAS CAIMAN');
insert into pais (codigo,moneda,sigla,abrev,nombre) values ('140','140','CF','CAF','AFRICA CENTRAL');
insert into pais (codigo,moneda,sigla,abrev,nombre) values ('148','148','TD','TCD','CHAD');
insert into pais (codigo,moneda,sigla,abrev,nombre) values ('156','156','CN','CHN','CHINA');
insert into pais (codigo,moneda,sigla,abrev,nombre) values ('162','162','CX','CXR','ISLA DE NAVIDAD');
insert into pais (codigo,moneda,sigla,abrev,nombre) values ('166','166','CC','CCK','ISLA DE LOS COCOS');
insert into pais (codigo,moneda,sigla,abrev,nombre) values ('170','170','CO','COL','COLOMBIA');
insert into pais (codigo,moneda,sigla,abrev,nombre) values ('174','174','KM','COM','COMOROS');
insert into pais (codigo,moneda,sigla,abrev,nombre) values ('178','178','CG','COG','CONGO');
insert into pais (codigo,moneda,sigla,abrev,nombre) values ('184','184','CK','COK','ISLAS COOK');
insert into pais (codigo,moneda,sigla,abrev,nombre) values ('188','188','CR','CRI','COSTA RICA');
insert into pais (codigo,moneda,sigla,abrev,nombre) values ('384','384','CI','CIV','POR EL NOMBRE DEBE SER ALGO DE FRA');
insert into pais (codigo,moneda,sigla,abrev,nombre) values ('191','191','HR','HRV','CROACIA');
insert into pais (codigo,moneda,sigla,abrev,nombre) values ('196','196','CY','CYP','CHIPRE');
insert into pais (codigo,moneda,sigla,abrev,nombre) values ('203','203','CZ','CZE','REPUBLICA CHECA');
insert into pais (codigo,moneda,sigla,abrev,nombre) values ('180','180','CD','COD','REPUBLICA DEMOCRATICA DEL CONGO');
insert into pais (codigo,moneda,sigla,abrev,nombre) values ('208','208','DK','DNK','DINAMARCA');
insert into pais (codigo,moneda,sigla,abrev,nombre) values ('262','262','DJ','DJI','DJIBOUTI');
insert into pais (codigo,moneda,sigla,abrev,nombre) values ('212','212','DM','DMA','DOMINICA');
insert into pais (codigo,moneda,sigla,abrev,nombre) values ('214','214','DO','DOM','REPUBLICA DOMINICANA');
insert into pais (codigo,moneda,sigla,abrev,nombre) values ('626','626','TP','TMP','TIMOR ESTE');
insert into pais (codigo,moneda,sigla,abrev,nombre) values ('218','218','EC','ECU','ECUADOR');
insert into pais (codigo,moneda,sigla,abrev,nombre) values ('818','818','EG','EGY','EGIPTO');
insert into pais (codigo,moneda,sigla,abrev,nombre) values ('222','222','SV','SLV','EL SALVADOR');
insert into pais (codigo,moneda,sigla,abrev,nombre) values ('226','226','GQ','GNQ','GUINEA ECUATORIAL');
insert into pais (codigo,moneda,sigla,abrev,nombre) values ('232','232','ER','ERI','ERITREA');
insert into pais (codigo,moneda,sigla,abrev,nombre) values ('233','233','EE','EST','ESTONIA');
insert into pais (codigo,moneda,sigla,abrev,nombre) values ('230','230','ET','ETH','ETIOPIA');
insert into pais (codigo,moneda,sigla,abrev,nombre) values ('234','234','FO','FRO','ISLAS FAEROE');
insert into pais (codigo,moneda,sigla,abrev,nombre) values ('238','238','FK','FLK','ISLAS MALVINAS');
insert into pais (codigo,moneda,sigla,abrev,nombre) values ('242','242','FJ','FJI','FIJI');
insert into pais (codigo,moneda,sigla,abrev,nombre) values ('246','246','FI','FIN','FINLANDIA');
insert into pais (codigo,moneda,sigla,abrev,nombre) values ('254','254','GF','GUF','GUIANA FRANCESA');
insert into pais (codigo,moneda,sigla,abrev,nombre) values ('258','258','PF','PYF','POLINESIA FRANCESA');
insert into pais (codigo,moneda,sigla,abrev,nombre) values ('260','260','TF','ATF','TERRITORIOS FRANCESES DEL SUR');
insert into pais (codigo,moneda,sigla,abrev,nombre) values ('266','266','GA','GAB','GABON');
insert into pais (codigo,moneda,sigla,abrev,nombre) values ('270','270','GM','GMB','GAMBIA');
insert into pais (codigo,moneda,sigla,abrev,nombre) values ('268','268','GE','GEO','GEORGIA');
insert into pais (codigo,moneda,sigla,abrev,nombre) values ('288','288','GH','GHA','GHANA');
insert into pais (codigo,moneda,sigla,abrev,nombre) values ('292','292','GI','GIB','GIBRALTAR');
insert into pais (codigo,moneda,sigla,abrev,nombre) values ('300','300','GR','GRC','GRECIA');
insert into pais (codigo,moneda,sigla,abrev,nombre) values ('304','304','GL','GRL','GREENLAND');
insert into pais (codigo,moneda,sigla,abrev,nombre) values ('308','308','GD','GRD','GRANADA');
insert into pais (codigo,moneda,sigla,abrev,nombre) values ('312','312','GP','GLP','GUADALUPE');
insert into pais (codigo,moneda,sigla,abrev,nombre) values ('316','316','GU','GUM','GUAM');
insert into pais (codigo,moneda,sigla,abrev,nombre) values ('320','320','GT','GTM','GUATEMALA');
insert into pais (codigo,moneda,sigla,abrev,nombre) values ('324','324','GN','GIN','GUINEA');
insert into pais (codigo,moneda,sigla,abrev,nombre) values ('624','624','GW','GNB','GUINEA BISSAU');
insert into pais (codigo,moneda,sigla,abrev,nombre) values ('328','328','GY','GUY','GUAYANA');
insert into pais (codigo,moneda,sigla,abrev,nombre) values ('332','332','HT','HTI','HAITI');
insert into pais (codigo,moneda,sigla,abrev,nombre) values ('334','334','HM','HMD','ISLAS MCDONALD');
insert into pais (codigo,moneda,sigla,abrev,nombre) values ('340','340','HN','HND','HONDURAS');
insert into pais (codigo,moneda,sigla,abrev,nombre) values ('344','344','HK','HKG','HONG KONG');
insert into pais (codigo,moneda,sigla,abrev,nombre) values ('348','348','HU','HUN','HUNGRIA');
insert into pais (codigo,moneda,sigla,abrev,nombre) values ('352','352','IS','ISL','ICELAND');
insert into pais (codigo,moneda,sigla,abrev,nombre) values ('356','356','IN','IND','INDIA');
insert into pais (codigo,moneda,sigla,abrev,nombre) values ('360','360','ID','IDN','INDONESIA');
insert into pais (codigo,moneda,sigla,abrev,nombre) values ('364','364','IR','IRN','IRAN');
insert into pais (codigo,moneda,sigla,abrev,nombre) values ('368','368','IQ','IRQ','IRAQ');
insert into pais (codigo,moneda,sigla,abrev,nombre) values ('372','372','IE','IRL','IRLANDA');
insert into pais (codigo,moneda,sigla,abrev,nombre) values ('376','376','IL','ISL','ISRAEL');
insert into pais (codigo,moneda,sigla,abrev,nombre) values ('388','388','JM','JAM','JAMAICA');
insert into pais (codigo,moneda,sigla,abrev,nombre) values ('392','392','JP','JPN','JAPON');
insert into pais (codigo,moneda,sigla,abrev,nombre) values ('400','400','JO','JOR','JORDANIA');
insert into pais (codigo,moneda,sigla,abrev,nombre) values ('398','398','KZ','KAZ','KAZAKHSTAN');
insert into pais (codigo,moneda,sigla,abrev,nombre) values ('404','404','KE','KEN','KENIA');
insert into pais (codigo,moneda,sigla,abrev,nombre) values ('296','296','KI','KIR','KIRIBATI');
insert into pais (codigo,moneda,sigla,abrev,nombre) values ('408','408','KP','PRK','KOREA DEL NORTE');
insert into pais (codigo,moneda,sigla,abrev,nombre) values ('410','410','KR','KOR','KOREA DEL SUR');
insert into pais (codigo,moneda,sigla,abrev,nombre) values ('414','414','KW','KWT','KUWAIT');
insert into pais (codigo,moneda,sigla,abrev,nombre) values ('417','417','KG','KGZ','KYRGYZSTAN');
insert into pais (codigo,moneda,sigla,abrev,nombre) values ('418','418','LA','LAO','LAO');
insert into pais (codigo,moneda,sigla,abrev,nombre) values ('428','428','LV','LVA','LATVIA');
insert into pais (codigo,moneda,sigla,abrev,nombre) values ('422','422','LB','LBN','LIBANO');
insert into pais (codigo,moneda,sigla,abrev,nombre) values ('426','426','LS','LSO','LESOTHO');
insert into pais (codigo,moneda,sigla,abrev,nombre) values ('430','430','LR','LBR','LIBERIA');
insert into pais (codigo,moneda,sigla,abrev,nombre) values ('434','434','LY','LBY','LIBIA');
insert into pais (codigo,moneda,sigla,abrev,nombre) values ('438','438','LI','LIE','LIECHTENSTEIN');
insert into pais (codigo,moneda,sigla,abrev,nombre) values ('440','440','LT','LTU','LITUANIA');
insert into pais (codigo,moneda,sigla,abrev,nombre) values ('442','442','LU','LUX','LUXEMBURGO');
insert into pais (codigo,moneda,sigla,abrev,nombre) values ('446','446','MO','MAC','MACAU');
insert into pais (codigo,moneda,sigla,abrev,nombre) values ('807','807','MK','MKD','MACEDONIA');
insert into pais (codigo,moneda,sigla,abrev,nombre) values ('450','450','MG','MDG','MADAGASCAR');
insert into pais (codigo,moneda,sigla,abrev,nombre) values ('454','454','MW','MWI','MALAWI');
insert into pais (codigo,moneda,sigla,abrev,nombre) values ('458','458','MY','MYS','MALASIA');
insert into pais (codigo,moneda,sigla,abrev,nombre) values ('452','452','MV','MDV','MALDIVES');
insert into pais (codigo,moneda,sigla,abrev,nombre) values ('466','466','ML','MLI','MALI');
insert into pais (codigo,moneda,sigla,abrev,nombre) values ('470','470','MT','MLT','MALTA');
insert into pais (codigo,moneda,sigla,abrev,nombre) values ('584','584','MH','MHL','ISLAS MARSHALL');
insert into pais (codigo,moneda,sigla,abrev,nombre) values ('474','474','MQ','MTQ','MARTINICA');
insert into pais (codigo,moneda,sigla,abrev,nombre) values ('478','478','MR','MRT','MAURITANIA');
insert into pais (codigo,moneda,sigla,abrev,nombre) values ('480','480','MU','MUS','MAURI');
insert into pais (codigo,moneda,sigla,abrev,nombre) values ('583','583','FM','FSM','MICRONESIA');
insert into pais (codigo,moneda,sigla,abrev,nombre) values ('498','498','MD','MDA','MOLDOVA');
insert into pais (codigo,moneda,sigla,abrev,nombre) values ('492','492','MC','MCO','MONACO');
insert into pais (codigo,moneda,sigla,abrev,nombre) values ('496','496','MN','MNG','MONGOLIA');
insert into pais (codigo,moneda,sigla,abrev,nombre) values ('500','500','MS','MSR','MONTSERRAT');
insert into pais (codigo,moneda,sigla,abrev,nombre) values ('504','504','MA','MAR','MOROCCO');
insert into pais (codigo,moneda,sigla,abrev,nombre) values ('508','508','MZ','MOZ','MOZAMBIQUE');
insert into pais (codigo,moneda,sigla,abrev,nombre) values ('104','104','MM','MMR','MYANMAR');
insert into pais (codigo,moneda,sigla,abrev,nombre) values ('516','516','NA','NAM','NAMIBIA');
insert into pais (codigo,moneda,sigla,abrev,nombre) values ('520','520','NR','NRU','NAURU');
insert into pais (codigo,moneda,sigla,abrev,nombre) values ('524','524','NP','NPL','NEPAL');
insert into pais (codigo,moneda,sigla,abrev,nombre) values ('528','528','NL','NLD','NETHERLAND');
insert into pais (codigo,moneda,sigla,abrev,nombre) values ('530','530','AN','ANT','ANTILLAS');
insert into pais (codigo,moneda,sigla,abrev,nombre) values ('540','540','NC','NCL','NUEVA CALEDONIA');
insert into pais (codigo,moneda,sigla,abrev,nombre) values ('554','554','NZ','NZL','NUEVA ZELANDA');
insert into pais (codigo,moneda,sigla,abrev,nombre) values ('558','558','NI','NIC','NICARAGUA');
insert into pais (codigo,moneda,sigla,abrev,nombre) values ('562','562','NE','NER','NIGER');
insert into pais (codigo,moneda,sigla,abrev,nombre) values ('566','566','NG','NGA','NIGERIA');
insert into pais (codigo,moneda,sigla,abrev,nombre) values ('570','570','NU','NIU','NIUE');
insert into pais (codigo,moneda,sigla,abrev,nombre) values ('574','574','NF','NFK','ISLAS NORFOLK');
insert into pais (codigo,moneda,sigla,abrev,nombre) values ('580','580','MP','MNP','ISLAS MARIANAS DEL NORTE');
insert into pais (codigo,moneda,sigla,abrev,nombre) values ('578','578','NO','NOR','NORWAY');
insert into pais (codigo,moneda,sigla,abrev,nombre) values ('512','512','OM','OMN','OMAN');
insert into pais (codigo,moneda,sigla,abrev,nombre) values ('586','586','PK','PAK','PAKISTAN');
insert into pais (codigo,moneda,sigla,abrev,nombre) values ('585','585','PW','PLW','PALAU');
insert into pais (codigo,moneda,sigla,abrev,nombre) values ('275','275','PS','PSE','PALESTINA');
insert into pais (codigo,moneda,sigla,abrev,nombre) values ('591','591','PA','PAN','PANAMA');
insert into pais (codigo,moneda,sigla,abrev,nombre) values ('598','598','PG','PNG','PAPUA NUEVA GUINEA');
insert into pais (codigo,moneda,sigla,abrev,nombre) values ('608','608','PH','PHL','FILIPINAS');
insert into pais (codigo,moneda,sigla,abrev,nombre) values ('612','612','PN','PCN','PITCAIRN');
insert into pais (codigo,moneda,sigla,abrev,nombre) values ('616','616','PL','POL','POLONIA');
insert into pais (codigo,moneda,sigla,abrev,nombre) values ('620','620','PT','PRT','PORTUGAL');
insert into pais (codigo,moneda,sigla,abrev,nombre) values ('630','630','PR','PRI','PUERTO RICO');
insert into pais (codigo,moneda,sigla,abrev,nombre) values ('634','634','QA','QAT','CUATAR');
insert into pais (codigo,moneda,sigla,abrev,nombre) values ('638','638','RE','REU','REUNION');
insert into pais (codigo,moneda,sigla,abrev,nombre) values ('642','642','RO','ROM','RUMANIA');
insert into pais (codigo,moneda,sigla,abrev,nombre) values ('643','643','RU','RUS','RUSIA');
insert into pais (codigo,moneda,sigla,abrev,nombre) values ('646','646','RW','RWA','RUANDA');
insert into pais (codigo,moneda,sigla,abrev,nombre) values ('882','882','WS','WSM','SAMOA');
insert into pais (codigo,moneda,sigla,abrev,nombre) values ('674','674','SM','SMR','SAN MARINO');
insert into pais (codigo,moneda,sigla,abrev,nombre) values ('678','678','ST','STP','SANTO TOME');
insert into pais (codigo,moneda,sigla,abrev,nombre) values ('682','682','SA','SAU','ARABIA SAUDITA');
insert into pais (codigo,moneda,sigla,abrev,nombre) values ('686','686','SN','SEN','SENEGAL');
insert into pais (codigo,moneda,sigla,abrev,nombre) values ('690','690','SC','SYC','SEYCHELLES');
insert into pais (codigo,moneda,sigla,abrev,nombre) values ('694','694','SL','SLE','SIERRA LEONA');
insert into pais (codigo,moneda,sigla,abrev,nombre) values ('702','702','SG','SGP','SINGAPUR');
insert into pais (codigo,moneda,sigla,abrev,nombre) values ('703','703','SK','SVK','ESLOVAQUIA');
insert into pais (codigo,moneda,sigla,abrev,nombre) values ('705','705','SI','SVN','ESLOVENIA');
insert into pais (codigo,moneda,sigla,abrev,nombre) values ('90','90','SB','SLB','ISLAS SALOMON');
insert into pais (codigo,moneda,sigla,abrev,nombre) values ('706','706','SO','SOM','SOMALIA');
insert into pais (codigo,moneda,sigla,abrev,nombre) values ('710','710','ZA','ZAF','SUDAFRICA');
insert into pais (codigo,moneda,sigla,abrev,nombre) values ('144','144','LK','LKA','SRI LANKA');
insert into pais (codigo,moneda,sigla,abrev,nombre) values ('654','654','SH','SHN','SANTA ELENA');
insert into pais (codigo,moneda,sigla,abrev,nombre) values ('659','659','KN','KNA','SANTA KITTS-NEVIS');
insert into pais (codigo,moneda,sigla,abrev,nombre) values ('662','662','LC','LCA','SANTA LUCIA');
insert into pais (codigo,moneda,sigla,abrev,nombre) values ('666','666','PM','SPM','SANTOS PIERRE Y MIQUELON');
insert into pais (codigo,moneda,sigla,abrev,nombre) values ('670','670','VC','VCT','SAN VICENTE');
insert into pais (codigo,moneda,sigla,abrev,nombre) values ('736','736','SD','SDN','SUDAN');
insert into pais (codigo,moneda,sigla,abrev,nombre) values ('740','740','SR','SUR','SURINAME');
insert into pais (codigo,moneda,sigla,abrev,nombre) values ('744','744','SJ','SJM','ISLA ...');
insert into pais (codigo,moneda,sigla,abrev,nombre) values ('748','748','SZ','SWZ','SWAZILAND');
insert into pais (codigo,moneda,sigla,abrev,nombre) values ('752','752','SE','SWE','SUESIA');
insert into pais (codigo,moneda,sigla,abrev,nombre) values ('756','756','CH','CHE','SUISA');
insert into pais (codigo,moneda,sigla,abrev,nombre) values ('760','760','SY','SYR','SIRIA');
insert into pais (codigo,moneda,sigla,abrev,nombre) values ('158','158','TW','TWN','TAIWAN');
insert into pais (codigo,moneda,sigla,abrev,nombre) values ('762','762','TJ','TJK','TAJIKISTAN');
insert into pais (codigo,moneda,sigla,abrev,nombre) values ('834','834','TZ','TZA','TANZANIA');
insert into pais (codigo,moneda,sigla,abrev,nombre) values ('764','764','TH','THA','TAILANDIA');
insert into pais (codigo,moneda,sigla,abrev,nombre) values ('768','768','TG','TGO','TOGO');
insert into pais (codigo,moneda,sigla,abrev,nombre) values ('772','772','TK','TKL','TOKELAU');
insert into pais (codigo,moneda,sigla,abrev,nombre) values ('776','776','TO','TON','TONGA');
insert into pais (codigo,moneda,sigla,abrev,nombre) values ('780','780','TT','TTO','TRINIDAD');
insert into pais (codigo,moneda,sigla,abrev,nombre) values ('788','788','TN','TUN','TUNISIA');
insert into pais (codigo,moneda,sigla,abrev,nombre) values ('792','792','TR','TUR','TURQUIA');
insert into pais (codigo,moneda,sigla,abrev,nombre) values ('795','795','TM','TKM','TURKMENISTAN');
insert into pais (codigo,moneda,sigla,abrev,nombre) values ('798','798','TV','TUV','TUVALU');
insert into pais (codigo,moneda,sigla,abrev,nombre) values ('581','581','UM','UMI','UNAS ISLAS DE EEUU');
insert into pais (codigo,moneda,sigla,abrev,nombre) values ('800','800','UG','UGA','UGANDA');
insert into pais (codigo,moneda,sigla,abrev,nombre) values ('804','804','UA','UKR','UCRANIA');
insert into pais (codigo,moneda,sigla,abrev,nombre) values ('784','784','AE','ARE','EMIRATOS ARABES');
insert into pais (codigo,moneda,sigla,abrev,nombre) values ('826','826','GB','GBR','REINO UNIDO');
insert into pais (codigo,moneda,sigla,abrev,nombre) values ('860','860','UZ','UZB','UZBEKISTAN');
insert into pais (codigo,moneda,sigla,abrev,nombre) values ('548','548','VU','VUT','VANUATU');
insert into pais (codigo,moneda,sigla,abrev,nombre) values ('704','704','VN','VNM','VIETNAM');
insert into pais (codigo,moneda,sigla,abrev,nombre) values ('92','92','VI','VGB','ISLAS VIRGINIA');
insert into pais (codigo,moneda,sigla,abrev,nombre) values ('876','876','WF','WLF','ISLAS ...');
insert into pais (codigo,moneda,sigla,abrev,nombre) values ('732','732','EH','ESH','SAHARA DEL OESTE');
insert into pais (codigo,moneda,sigla,abrev,nombre) values ('887','887','YE','YEM','YEMEN');
insert into pais (codigo,moneda,sigla,abrev,nombre) values ('891','891','YU','YUG','YUGOSLAVIA');
insert into pais (codigo,moneda,sigla,abrev,nombre) values ('894','894','ZM','ZMB','ZAMBIA');
insert into pais (codigo,moneda,sigla,abrev,nombre) values ('716','716','ZW','ZWE','ZIMBAUE');
insert into persona (id,apellido,nombre,dia,mes,anio,mail,postal,sms,telefono,pais_nacimiento,pais_radicacion,password,user_name) values ('1','del sistema','Administrador','0','0','0','admin@pueyrredon2679.com.ar','','','','','','MHNuEVZ77sldo','admin');

